{
  "hole_7": [
    {
      "radius": 0.015,
      "midpoint": [
        0.4007453020887364,
        0.9473755937481096
      ],
      "type": "circle"
    },
    40
  ],
  "hole_4": [
    {
      "radius": 0.015,
      "midpoint": [
        0.5470558836814138,
        0.23935387153798626
      ],
      "type": "circle"
    },
    40
  ],
  "rect_out": [
    [
      0,
      0
    ],
    [
      1.0,
      1.0
    ]
  ],
  "hole_6": [
    {
      "radius": 0.015,
      "midpoint": [
        0.87306502009791,
        0.7286338501900218
      ],
      "type": "circle"
    },
    40
  ],
  "hole_2": [
    {
      "radius": 0.015,
      "midpoint": [
        0.27737951805460204,
        0.6809097417237473
      ],
      "type": "circle"
    },
    40
  ],
  "rects_in": [
    [
      [
        0.125,
        0.125
      ],
      [
        0.375,
        0.375
      ]
    ],
    [
      [
        0.125,
        0.625
      ],
      [
        0.375,
        0.875
      ]
    ],
    [
      [
        0.625,
        0.125
      ],
      [
        0.875,
        0.375
      ]
    ],
    [
      [
        0.625,
        0.625
      ],
      [
        0.875,
        0.875
      ]
    ]
  ],
  "hole_9": [
    {
      "radius": 0.015,
      "midpoint": [
        0.22629344891399972,
        0.7926422902566542
      ],
      "type": "circle"
    },
    40
  ],
  "hole_8": [
    {
      "radius": 0.015,
      "midpoint": [
        0.36030244309409054,
        0.00037585331332956606
      ],
      "type": "circle"
    },
    40
  ],
  "hole_3": [
    {
      "radius": 0.015,
      "midpoint": [
        0.34172756866871734,
        0.4937807511682478
      ],
      "type": "circle"
    },
    40
  ],
  "hole_1": [
    {
      "radius": 0.015,
      "midpoint": [
        0.6125201351485621,
        0.3770758638993019
      ],
      "type": "circle"
    },
    40
  ],
  "hole_5": [
    {
      "radius": 0.015,
      "midpoint": [
        0.17137606969046448,
        0.8979210316663551
      ],
      "type": "circle"
    },
    40
  ],
  "boundaryCondition": false,
  "hole_0": [
    {
      "radius": 0.015,
      "midpoint": [
        0.7222231342688852,
        0.5511296942483612
      ],
      "type": "circle"
    },
    40
  ]
}