{
  "0": [
    {
      "radius": 0.015,
      "type": "circle",
      "midpoint": [
        0.8814479837994198,
        0.38845974200944877
      ]
    },
    40
  ]
}